<?xml version="1.0" encoding="utf-8" ?>
<manifest xmlns="http://www.imsglobal.org/xsd/imscp_v1p1"
          xmlns:xsi="http://www.w3.org/2001/XMLSchema-instance"
          xmlns:adlcp="http://www.adlnet.org/xsd/adlcp_rootv1p2"
          xmlns:cwsp="http://www.dspace.org/xmlns/cwspace_imscp"
          xmlns:ocw="https://ocw.mit.edu/xmlns/ocw_imscp"
          xmlns:lom="https://ocw.mit.edu/xmlns/LOM"
          identifier="urn_edu.mit.ocw_18-700-linear-algebra-fall-2013"
          version="2020-7-5T13:40:10"
          cwsp:packageType="Course"
          xml:base="18-700-fall-2013/"
          xsi:schemaLocation="http://www.imsglobal.org/xsd/imscp_v1p1 http://www.imsglobal.org/xsd/imscp_v1p1.xsd  http://www.adlnet.org/xsd/adlcp_rootv1p2 http://www.adlnet.org/xsd/adlcp_rootv1p2.xsd http://www.dspace.org/xmlns/cwspace_imscp http://www.dspace.org/xsd/cwspace_imscp/version10/cwspace_imscpv10.xsd https://ocw.mit.edu/xmlns/ocw_imscp https://ocw.mit.edu/xsd/ocw_imscp/version10/ocw_imscpv10.xsd https://ocw.mit.edu/xmlns/LOM https://ocw.mit.edu/xsd/LOM/lomv1.0/lomv1.0.xsd">
   	<metadata>
   		<schema>IMS Content</schema>
        <schemaversion>1.1</schemaversion>
        <cwsp:packageMetadata>
            <cwsp:sourceSystem>OCW</cwsp:sourceSystem>
            <cwsp:profile>CWSpace</cwsp:profile>
            <cwsp:profileVersion>0.1</cwsp:profileVersion>
        </cwsp:packageMetadata>
        <lom:general uniqueElementName="general">
            <lom:title uniqueElementName="title">
				<lom:string language="en">Linear Algebra</lom:string>
			</lom:title>
			<lom:identifier>
				<lom:catalog uniqueElementName="catalog">OCW Master Course Number</lom:catalog>
		      	<lom:entry uniqueElementName="entry">18.700</lom:entry>
			</lom:identifier>
        </lom:general>
        <lom:lifecycle uniqueElementName="lifeCycle">
            <lom:version uniqueElementName="version">
				<lom:string language="en">Fall 2013</lom:string>
			</lom:version>
            <lom:contribute>
	            <lom:role>
	                <lom:source uniqueElementName="source">OCW_LOMv1.0</lom:source>
	                <lom:value uniqueElementName="value">Author</lom:value>
	            </lom:role>
	            <lom:entity>Vogan, David</lom:entity>
	            <lom:date uniqueElementName="date">
	                <lom:dateTime uniqueElementName="dateTime">2020-7-5</lom:dateTime>
	            </lom:date>
        	</lom:contribute>
        </lom:lifecycle>
        <lom:relation uniqueElementName="relation">
        	<lom:kind uniqueElementName="kind">
        		<lom:source uniqueElementName="source">OCW_LOMv1.0</lom:source>
        		<lom:value uniqueElementName="value">isbasedon</lom:value>
        	</lom:kind>
        	<lom:resource uniqueElementName="resource">
        		<lom:identifier>
        			<lom:catalog uniqueElementName="catalog">URI</lom:catalog>
        			<lom:entry uniqueElementName="entry">http://hdl.handle.net/1721.1/91562</lom:entry>
        		</lom:identifier>
        		<lom:description uniqueElementName="description">
        			<lom:string language="en">Previous version of the course</lom:string>
        		</lom:description>
        	</lom:resource>
        </lom:relation>
        <lom:taxonPath>
            <lom:source uniqueElementName="source">
                <lom:string language="en">OCW Course Topics</lom:string>
            </lom:source>
            <lom:taxon>
                <lom:entry uniqueElementName="entry">
                    <lom:string language="en">Mathematics</lom:string>
                </lom:entry>
            </lom:taxon>
            <lom:taxon>
                <lom:entry uniqueElementName="entry">
                    <lom:string language="en">Linear Algebra</lom:string>
                </lom:entry>
            </lom:taxon>
            
        </lom:taxonPath>        
        <adlcp:location>contents/index.htm.xml</adlcp:location>
    </metadata>
    <organizations default="ocw_18-700-linear-algebra-fall-2013">
        <organization identifier="ocw_18-700-linear-algebra-fall-2013">
            <title>Linear Algebra</title>
            <item identifier="i_18-700-linear-algebra-fall-2013.CourseHome"
                  identifierref="r_contents.index.htm"
                  ocw:sectionTemplateType="CourseHomePage"
                  ocw:sectionTemplateVersion="2020-7-5">
				<title>Linear Algebra</title>
				<item identifier="i_18-700-linear-algebra-fall-2013.18-700f13.jpg"
          identifierref="r_contents.18-700f13.jpg">
				<title>18-700f13.jpg</title>
				</item>
				<item identifier="i_18-700-linear-algebra-fall-2013.18-700f13-th.jpg"
          identifierref="r_contents.18-700f13-th.jpg">
				<title>18-700f13-th.jpg</title>
				</item>
			</item>
            <item identifier="i_18-700-linear-algebra-fall-2013.study-materials"
                  identifierref="r_contents.study-materials.index.htm"
                  ocw:sectionTemplateType="CourseSection"
                  ocw:sectionTemplateVersion="2020-7-5">
				<title>Study Materials</title>
				<item identifier="i_18-700-linear-algebra-fall-2013.study-materials.MIT18_700F13_orthgnl_base.pdf"
          identifierref="r_contents.study-materials.MIT18_700F13_orthgnl_base.pdf">
				<title>Orthogonal Bases</title>
				</item>
				<item identifier="i_18-700-linear-algebra-fall-2013.study-materials.MIT18_700F13_generalized.pdf"
          identifierref="r_contents.study-materials.MIT18_700F13_generalized.pdf">
				<title>Generalized Eigenspaces</title>
				</item>
				<item identifier="i_18-700-linear-algebra-fall-2013.study-materials.MIT18_700F13_qntm_mechnc.pdf"
          identifierref="r_contents.study-materials.MIT18_700F13_qntm_mechnc.pdf">
				<title>Mathematical formalism of quantum mechanics</title>
				</item>
				<item identifier="i_18-700-linear-algebra-fall-2013.study-materials.MIT18_700F13_spctrl_thrm.pdf"
          identifierref="r_contents.study-materials.MIT18_700F13_spctrl_thrm.pdf">
				<title>Proof of the Spectral Theorem</title>
				</item>
				<item identifier="i_18-700-linear-algebra-fall-2013.study-materials.MIT18_700F13_finite_fields.pdf"
          identifierref="r_contents.study-materials.MIT18_700F13_finite_fields.pdf">
				<title>Finite Fields</title>
				</item>
				<item identifier="i_18-700-linear-algebra-fall-2013.study-materials.MIT18_700F13_intstng_base.pdf"
          identifierref="r_contents.study-materials.MIT18_700F13_intstng_base.pdf">
				<title>Interesting Bases</title>
				</item>
				<item identifier="i_18-700-linear-algebra-fall-2013.study-materials.MIT18_700F13_one_sided.pdf"
          identifierref="r_contents.study-materials.MIT18_700F13_one_sided.pdf">
				<title>One-sided Inverses</title>
				</item>
				<item identifier="i_18-700-linear-algebra-fall-2013.study-materials.MIT18_700F13_gauss.pdf"
          identifierref="r_contents.study-materials.MIT18_700F13_gauss.pdf">
				<title>Gaussian Elimination</title>
				</item>
			</item>
            <item identifier="i_18-700-linear-algebra-fall-2013.readings"
                  identifierref="r_contents.readings.index.htm"
                  ocw:sectionTemplateType="CourseSection"
                  ocw:sectionTemplateVersion="2020-7-5">
				<title>Readings</title>
			</item>
            <item identifier="i_18-700-linear-algebra-fall-2013.assignments"
                  identifierref="r_contents.assignments.index.htm"
                  ocw:sectionTemplateType="CourseSection"
                  ocw:sectionTemplateVersion="2020-7-5">
				<title>Assignments</title>
				<item identifier="i_18-700-linear-algebra-fall-2013.assignments.MIT18_700F13_ps7.pdf"
          identifierref="r_contents.assignments.MIT18_700F13_ps7.pdf">
				<title>Linear Algebra, Assignments 7</title>
				</item>
				<item identifier="i_18-700-linear-algebra-fall-2013.assignments.MIT18_700F13_ps6.pdf"
          identifierref="r_contents.assignments.MIT18_700F13_ps6.pdf">
				<title>Linear Algebra, Assignments 6</title>
				</item>
				<item identifier="i_18-700-linear-algebra-fall-2013.assignments.MIT18_700F13_ps8.pdf"
          identifierref="r_contents.assignments.MIT18_700F13_ps8.pdf">
				<title>Linear Algebra, Assignments 8</title>
				</item>
				<item identifier="i_18-700-linear-algebra-fall-2013.assignments.MIT18_700F13_ps2.pdf"
          identifierref="r_contents.assignments.MIT18_700F13_ps2.pdf">
				<title>Linear Algebra, Assignments 2</title>
				</item>
				<item identifier="i_18-700-linear-algebra-fall-2013.assignments.MIT18_700F13_ps9.pdf"
          identifierref="r_contents.assignments.MIT18_700F13_ps9.pdf">
				<title>Linear Algebra, Assignments 9</title>
				</item>
				<item identifier="i_18-700-linear-algebra-fall-2013.assignments.MIT18_700F13_ps4.pdf"
          identifierref="r_contents.assignments.MIT18_700F13_ps4.pdf">
				<title>Linear Algebra, Assignments 4</title>
				</item>
				<item identifier="i_18-700-linear-algebra-fall-2013.assignments.MIT18_700F13_ps5.pdf"
          identifierref="r_contents.assignments.MIT18_700F13_ps5.pdf">
				<title>Linear Algebra, Assignments 5</title>
				</item>
				<item identifier="i_18-700-linear-algebra-fall-2013.assignments.MIT18_700F13_ps1.pdf"
          identifierref="r_contents.assignments.MIT18_700F13_ps1.pdf">
				<title>Linear Algebra, Assignments 1</title>
				</item>
				<item identifier="i_18-700-linear-algebra-fall-2013.assignments.MIT18_700F13_ps3.pdf"
          identifierref="r_contents.assignments.MIT18_700F13_ps3.pdf">
				<title>Linear Algebra, Assignments 3</title>
				</item>
			</item>
            <item identifier="i_18-700-linear-algebra-fall-2013.calendar"
                  identifierref="r_contents.calendar.index.htm"
                  ocw:sectionTemplateType="CourseSection"
                  ocw:sectionTemplateVersion="2020-7-5">
				<title>Calendar</title>
			</item>
            <item identifier="i_18-700-linear-algebra-fall-2013.syllabus"
                  identifierref="r_contents.syllabus.index.htm"
                  ocw:sectionTemplateType="CourseSection"
                  ocw:sectionTemplateVersion="2020-7-5">
				<title>Syllabus</title>
			</item>
            <item identifier="i_terms"
                  identifierref="r_common.terms.index.htm"
                  ocw:sectionTemplateType="GlobalSection"
                  ocw:sectionTemplateVersion="2020-7-5">
				<title>Legal Notices</title>
			</item>
            <item identifier="i_terms"
                  identifierref="r_common.terms.index.htm"
                  ocw:sectionTemplateType="GlobalSection"
                  ocw:sectionTemplateVersion="2020-7-5">
				<title>Privacy Statement</title>
			</item>
            <item identifier="i_terms.trademarks"
                  identifierref="r_common.terms.trademarks.index.htm"
                  ocw:sectionTemplateType="GlobalSection"
                  ocw:sectionTemplateVersion="2020-7-5">
				<title>Trademark Notices</title>
			</item>
        </organization>
    </organizations>
    <resources>
        <resource identifier="r_contents.assignments.MIT18_700F13_ps2.pdf"
                  type="other"
                  href="contents/assignments/MIT18_700F13_ps2.pdf">
            <metadata>
                <adlcp:location>contents/assignments/MIT18_700F13_ps2.pdf.xml</adlcp:location>
            </metadata>
            <file href="contents/assignments/MIT18_700F13_ps2.pdf"/>
                        
        </resource>
        <resource identifier="r_contents.assignments.MIT18_700F13_ps1.pdf"
                  type="other"
                  href="contents/assignments/MIT18_700F13_ps1.pdf">
            <metadata>
                <adlcp:location>contents/assignments/MIT18_700F13_ps1.pdf.xml</adlcp:location>
            </metadata>
            <file href="contents/assignments/MIT18_700F13_ps1.pdf"/>
                        
        </resource>
        <resource identifier="r_contents.assignments.MIT18_700F13_ps7.pdf"
                  type="other"
                  href="contents/assignments/MIT18_700F13_ps7.pdf">
            <metadata>
                <adlcp:location>contents/assignments/MIT18_700F13_ps7.pdf.xml</adlcp:location>
            </metadata>
            <file href="contents/assignments/MIT18_700F13_ps7.pdf"/>
                        
        </resource>
        <resource identifier="r_contents.index.htm"
                  type="webcontent"
                  href="contents/index.htm">
            <metadata>
                <adlcp:location>contents/index.htm.xml</adlcp:location>
            </metadata>
            <file href="contents/index.htm"/>
            <dependency identifierref="webrenderrequirements.18-700-linear-algebra-fall-2013"/>            
        </resource>
        <resource identifier="r_contents.study-materials.index.htm"
                  type="webcontent"
                  href="contents/study-materials/index.htm">
            <metadata>
                <adlcp:location>contents/study-materials/index.htm.xml</adlcp:location>
            </metadata>
            <file href="contents/study-materials/index.htm"/>
            <dependency identifierref="webrenderrequirements.18-700-linear-algebra-fall-2013"/>            
        </resource>
        <resource identifier="r_contents.study-materials.MIT18_700F13_qntm_mechnc.pdf"
                  type="other"
                  href="contents/study-materials/MIT18_700F13_qntm_mechnc.pdf">
            <metadata>
                <adlcp:location>contents/study-materials/MIT18_700F13_qntm_mechnc.pdf.xml</adlcp:location>
            </metadata>
            <file href="contents/study-materials/MIT18_700F13_qntm_mechnc.pdf"/>
                        
        </resource>
        <resource identifier="r_contents.assignments.MIT18_700F13_ps9.pdf"
                  type="other"
                  href="contents/assignments/MIT18_700F13_ps9.pdf">
            <metadata>
                <adlcp:location>contents/assignments/MIT18_700F13_ps9.pdf.xml</adlcp:location>
            </metadata>
            <file href="contents/assignments/MIT18_700F13_ps9.pdf"/>
                        
        </resource>
        <resource identifier="r_contents.assignments.MIT18_700F13_ps5.pdf"
                  type="other"
                  href="contents/assignments/MIT18_700F13_ps5.pdf">
            <metadata>
                <adlcp:location>contents/assignments/MIT18_700F13_ps5.pdf.xml</adlcp:location>
            </metadata>
            <file href="contents/assignments/MIT18_700F13_ps5.pdf"/>
                        
        </resource>
        <resource identifier="r_contents.study-materials.MIT18_700F13_one_sided.pdf"
                  type="other"
                  href="contents/study-materials/MIT18_700F13_one_sided.pdf">
            <metadata>
                <adlcp:location>contents/study-materials/MIT18_700F13_one_sided.pdf.xml</adlcp:location>
            </metadata>
            <file href="contents/study-materials/MIT18_700F13_one_sided.pdf"/>
                        
        </resource>
        <resource identifier="r_contents.study-materials.MIT18_700F13_spctrl_thrm.pdf"
                  type="other"
                  href="contents/study-materials/MIT18_700F13_spctrl_thrm.pdf">
            <metadata>
                <adlcp:location>contents/study-materials/MIT18_700F13_spctrl_thrm.pdf.xml</adlcp:location>
            </metadata>
            <file href="contents/study-materials/MIT18_700F13_spctrl_thrm.pdf"/>
                        
        </resource>
        <resource identifier="r_contents.study-materials.MIT18_700F13_gauss.pdf"
                  type="other"
                  href="contents/study-materials/MIT18_700F13_gauss.pdf">
            <metadata>
                <adlcp:location>contents/study-materials/MIT18_700F13_gauss.pdf.xml</adlcp:location>
            </metadata>
            <file href="contents/study-materials/MIT18_700F13_gauss.pdf"/>
                        
        </resource>
        <resource identifier="r_contents.readings.index.htm"
                  type="webcontent"
                  href="contents/readings/index.htm">
            <metadata>
                <adlcp:location>contents/readings/index.htm.xml</adlcp:location>
            </metadata>
            <file href="contents/readings/index.htm"/>
            <dependency identifierref="webrenderrequirements.18-700-linear-algebra-fall-2013"/>            
        </resource>
        <resource identifier="r_contents.assignments.MIT18_700F13_ps8.pdf"
                  type="other"
                  href="contents/assignments/MIT18_700F13_ps8.pdf">
            <metadata>
                <adlcp:location>contents/assignments/MIT18_700F13_ps8.pdf.xml</adlcp:location>
            </metadata>
            <file href="contents/assignments/MIT18_700F13_ps8.pdf"/>
                        
        </resource>
        <resource identifier="r_contents.calendar.index.htm"
                  type="webcontent"
                  href="contents/calendar/index.htm">
            <metadata>
                <adlcp:location>contents/calendar/index.htm.xml</adlcp:location>
            </metadata>
            <file href="contents/calendar/index.htm"/>
            <dependency identifierref="webrenderrequirements.18-700-linear-algebra-fall-2013"/>            
        </resource>
        <resource identifier="r_contents.assignments.MIT18_700F13_ps3.pdf"
                  type="other"
                  href="contents/assignments/MIT18_700F13_ps3.pdf">
            <metadata>
                <adlcp:location>contents/assignments/MIT18_700F13_ps3.pdf.xml</adlcp:location>
            </metadata>
            <file href="contents/assignments/MIT18_700F13_ps3.pdf"/>
                        
        </resource>
        <resource identifier="r_contents.study-materials.MIT18_700F13_generalized.pdf"
                  type="other"
                  href="contents/study-materials/MIT18_700F13_generalized.pdf">
            <metadata>
                <adlcp:location>contents/study-materials/MIT18_700F13_generalized.pdf.xml</adlcp:location>
            </metadata>
            <file href="contents/study-materials/MIT18_700F13_generalized.pdf"/>
                        
        </resource>
        <resource identifier="r_contents.study-materials.MIT18_700F13_orthgnl_base.pdf"
                  type="other"
                  href="contents/study-materials/MIT18_700F13_orthgnl_base.pdf">
            <metadata>
                <adlcp:location>contents/study-materials/MIT18_700F13_orthgnl_base.pdf.xml</adlcp:location>
            </metadata>
            <file href="contents/study-materials/MIT18_700F13_orthgnl_base.pdf"/>
                        
        </resource>
        <resource identifier="r_contents.study-materials.MIT18_700F13_finite_fields.pdf"
                  type="other"
                  href="contents/study-materials/MIT18_700F13_finite_fields.pdf">
            <metadata>
                <adlcp:location>contents/study-materials/MIT18_700F13_finite_fields.pdf.xml</adlcp:location>
            </metadata>
            <file href="contents/study-materials/MIT18_700F13_finite_fields.pdf"/>
                        
        </resource>
        <resource identifier="r_contents.assignments.index.htm"
                  type="webcontent"
                  href="contents/assignments/index.htm">
            <metadata>
                <adlcp:location>contents/assignments/index.htm.xml</adlcp:location>
            </metadata>
            <file href="contents/assignments/index.htm"/>
            <dependency identifierref="webrenderrequirements.18-700-linear-algebra-fall-2013"/>            
        </resource>
        <resource identifier="r_contents.syllabus.index.htm"
                  type="webcontent"
                  href="contents/syllabus/index.htm">
            <metadata>
                <adlcp:location>contents/syllabus/index.htm.xml</adlcp:location>
            </metadata>
            <file href="contents/syllabus/index.htm"/>
            <dependency identifierref="webrenderrequirements.18-700-linear-algebra-fall-2013"/>            
        </resource>
        <resource identifier="r_contents.18-700f13-th.jpg"
                  type="other"
                  href="contents/18-700f13-th.jpg">
            <metadata>
                <adlcp:location>contents/18-700f13-th.jpg.xml</adlcp:location>
            </metadata>
            <file href="contents/18-700f13-th.jpg"/>
                        
        </resource>
        <resource identifier="r_contents.18-700f13.jpg"
                  type="other" href="contents/18-700f13.jpg">
            <metadata>
                <adlcp:location>contents/18-700f13.jpg.xml</adlcp:location>
            </metadata>
            <file href="contents/18-700f13.jpg"/>
                        
        </resource>
        <resource identifier="r_contents.assignments.MIT18_700F13_ps6.pdf"
                  type="other"
                  href="contents/assignments/MIT18_700F13_ps6.pdf">
            <metadata>
                <adlcp:location>contents/assignments/MIT18_700F13_ps6.pdf.xml</adlcp:location>
            </metadata>
            <file href="contents/assignments/MIT18_700F13_ps6.pdf"/>
                        
        </resource>
        <resource identifier="r_contents.assignments.MIT18_700F13_ps4.pdf"
                  type="other"
                  href="contents/assignments/MIT18_700F13_ps4.pdf">
            <metadata>
                <adlcp:location>contents/assignments/MIT18_700F13_ps4.pdf.xml</adlcp:location>
            </metadata>
            <file href="contents/assignments/MIT18_700F13_ps4.pdf"/>
                        
        </resource>
        <resource identifier="r_contents.study-materials.MIT18_700F13_intstng_base.pdf"
                  type="other"
                  href="contents/study-materials/MIT18_700F13_intstng_base.pdf">
            <metadata>
                <adlcp:location>contents/study-materials/MIT18_700F13_intstng_base.pdf.xml</adlcp:location>
            </metadata>
            <file href="contents/study-materials/MIT18_700F13_intstng_base.pdf"/>
                        
        </resource>        
        <resource identifier="r_common.search.AdvancedSearch.htm"
                  type="webcontent"
                  href="common/search/AdvancedSearch.htm">
            <file href="common/search/AdvancedSearch.htm"/>
            <dependency identifierref="webrenderrequirements.18-700-linear-algebra-fall-2013"/>            
        </resource>
        <resource identifier="r_common.jsp.feedback.htm"
                  type="webcontent"
                  href="common/jsp/feedback.htm">
            <file href="common/jsp/feedback.htm"/>
            <dependency identifierref="webrenderrequirements.18-700-linear-algebra-fall-2013"/>            
        </resource>
        <resource identifier="r_common.terms.index.htm"
                  type="webcontent"
                  href="common/terms/index.htm">
            <file href="common/terms/by.png"/>
            <file href="common/terms/nc.png"/>
            <file href="common/terms/sa.png"/>
            <file href="common/terms/deedheadyellow.png"/>
            <file href="common/terms/freedomsheader.png"/>
            <file href="common/terms/limitationsheader.png"/>
            <file href="common/terms/understandingheader.jpg"/>
            <file href="common/terms/deedfootyellow.png"/>
            <dependency identifierref="webrenderrequirements.18-700-linear-algebra-fall-2013"/>            
        </resource>
        <resource identifier="r_common.terms.trademarks.index.htm"
                  type="webcontent"
                  href="common/terms/trademarks/index.htm">
            <file href="common/terms/trademarks/index.htm"/>
            <dependency identifierref="webrenderrequirements.18-700-linear-algebra-fall-2013"/>            
        </resource>
        <resource identifier="webrenderrequirements.18-700-linear-algebra-fall-2013"
                  type="webcontent">
        	<file href="common/styles/base.css"/>
        	<file href="common/styles/courses.css"/>
        	<file href="common/styles/courses_new.css"/>
        	<file href="common/styles/educator.css"/>
        	<file href="common/styles/global.css"/>
        	<file href="common/styles/grid.css"/>
        	<file href="common/styles/highslide.css"/>
        	<file href="common/styles/highslide-ie6.css"/>
        	<file href="common/styles/jquery.bubblepopup.css"/>
        	<file href="common/styles/jquery.jscrollpane.css"/>
        	<file href="common/styles/jquery-ui.css"/>
        	<file href="common/styles/menu.css"/>
        	<file href="common/styles/scholar2.css"/>
        	<file href="common/styles/media_tabs.css"/>
        	<file href="common/styles/three_play.css"/>
        	<file href="common/scripts/bubble-popup-offline.js"/>
        	<file href="common/scripts/jquery.js"/>
        	<file href="common/scripts/ocw-media-utils.js"/>
        	<file href="common/scripts/ocw-media-utils-offline.js"/>
        	<file href="common/scripts/highslide-with-gallery.js"/>
        	<file href="common/scripts/jquery.bubblepopup.min.js"/>
        	<file href="common/scripts/jquery.jscrollpane.min.js"/>
        	<file href="common/scripts/jquery-ui.min.js"/>
        	<file href="common/scripts/jQuizMe-uncompressed.js"/>
        	<file href="common/scripts/ocw-offline.js"/>
        	<file href="common/scripts/expandy.js"/>
        	<file href="common/scripts/chart.js"/>
        	<file href="common/scripts/jquery.anythingslider.js"/>
        	<file href="common/images/ocw_mast.png"/>
        	<file href="common/images/button_subscribe.png"/>
        	<file href="common/images/icon_fb.png"/>
        	<file href="common/images/icon_gp.png"/>
        	<file href="common/images/icon_pin.png"/>
        	<file href="common/images/icon_tw.png"/>
        	<file href="common/images/icon-question-ovt.png"/>
        	<file href="common/images/icon-question-svt.png"/>
        	<file href="common/images/icon-question-avt.png"/>
        	<file href="common/images/icon-question-cl.png"/>
        	<file href="common/images/top-nav_home.png"/>
        	<file href="common/images/button_search.png"/>
        	<file href="common/images/bg_top.png"/>
        	<file href="common/images/bg_social.png"/>
        	<file href="common/images/bg_social2.png"/>
        	<file href="common/images/bg_mega-courses.png"/>
        	<file href="common/images/bg_center2.png"/>
        	<file href="common/images/bg_course-nav_current.png"/>
        	<file href="common/images/button_donate-now.png"/>
        	<file href="common/images/logo_mit.png"/>
        	<file href="common/images/logo_ocwc.gif"/>
        	<file href="common/images/cc_by-nc-sa.png"/>
        	<file href="common/images/logo_dow.png"/>
        	<file href="common/images/logo_lockheed.png"/>
        	<file href="common/images/logo_mathworks.png"/>
        	<file href="common/images/logo_abinitio.png"/>
        	<file href="common/images/logo_sapient.png"/>
        	<file href="common/images/bg_bottom.png"/>
        	<file href="common/images/nav_arrow.png"/>
        	<file href="common/images/news-subscibe_bg.png"/>
        	<file href="common/images/3play_logo.png"/>
        	<file href="common/images/black-arrow.gif"/>
        	<file href="common/images/trans.gif"/>
        	<file href="common/images/arrow-bullet.gif"/>
        	<file href="common/images/apple-touch-icon.png"/>
        	<file href="common/images/highslide/graphics/zoomin.cur"/>
        	<file href="common/images/highslide/graphics/zoomout.cur"/>
        	<file href="common/images/highslide/graphics/controlbar2.gif"/>
        	<file href="common/images/highslide/graphics/controlbar3.gif"/>
        	<file href="common/images/highslide/graphics/controlbar4.gif"/>
        	<file href="common/images/highslide/graphics/controlbar4-hover.gif"/>
        	<file href="common/images/highslide/graphics/controlbar-black-border.gif"/>
        	<file href="common/images/highslide/graphics/controlbar-white.gif"/>
        	<file href="common/images/highslide/graphics/controlbar-white-small.gif"/>
        	<file href="common/images/highslide/graphics/fullexpand.gif"/>
        	<file href="common/images/highslide/graphics/icon.gif"/>
        	<file href="common/images/highslide/graphics/loader.gif"/>
        	<file href="common/images/highslide/graphics/loader.white.gif"/>
        	<file href="common/images/highslide/graphics/resize.gif"/>
        	<file href="common/images/highslide/graphics/close.png"/>
        	<file href="common/images/highslide/graphics/closeX.png"/>
        	<file href="common/images/highslide/graphics/controlbar-text-buttons.png"/>
        	<file href="common/images/highslide/graphics/geckodimmer.png"/>
        	<file href="common/images/highslide/graphics/scrollarrows.png"/>
        	<file href="common/images/highslide/graphics/outlines/beveled.png"/>
        	<file href="common/images/highslide/graphics/outlines/drop-shadow.png"/>
        	<file href="common/images/highslide/graphics/outlines/glossy-dark.png"/>
        	<file href="common/images/highslide/graphics/outlines/outer-glow.png"/>
        	<file href="common/images/highslide/graphics/outlines/rounded-black.png"/>
        	<file href="common/images/highslide/graphics/outlines/rounded-white.png"/>
        	<file href="common/images/highslide/graphics/outlines/Outlines.psd"/>
        	<file href="common/images/button_continue.jpg"/>
        	<file href="common/images/button_donate.jpg"/>
        	<file href="common/images/button_start.jpg"/>
        	<file href="common/images/scholar_bar_chp.png"/>
        	<file href="common/images/scholar_bar.png"/>
        	<file href="common/images/logo_pdf.jpg"/>
        	<file href="common/images/h2_trigger_open_close.gif"/>
        	<file href="common/images/bookmark.gif"/>
        	<file href="common/images/check.png"/>
        	<file href="common/images/lightbulb.png"/>
        	<file href="common/images/audio_file.gif"/>
        	<file href="common/images/audio_only_slate.gif"/>
        	<file href="common/images/video_file.gif"/>
        	<file href="common/images/back-5.png"/>
        	<file href="common/images/btn_next_resource.png"/>
        	<file href="common/images/btn_previous_resource.png"/>
        	<file href="common/images/close.png"/>
        	<file href="common/images/inacessible.gif"/>
        	<file href="common/images/jquerybubblepopup-theme/grey/ie/bottom-left.gif"/>
        	<file href="common/images/jquerybubblepopup-theme/grey/ie/bottom-middle.gif"/>
        	<file href="common/images/jquerybubblepopup-theme/grey/ie/bottom-right.gif"/>
        	<file href="common/images/jquerybubblepopup-theme/grey/ie/middle-left.gif"/>
        	<file href="common/images/jquerybubblepopup-theme/grey/ie/middle-right.gif"/>
        	<file href="common/images/jquerybubblepopup-theme/grey/ie/tail-bottom.gif"/>
        	<file href="common/images/jquerybubblepopup-theme/grey/ie/tail-left.gif"/>
        	<file href="common/images/jquerybubblepopup-theme/grey/ie/tail-right.gif"/>
        	<file href="common/images/jquerybubblepopup-theme/grey/ie/tail-top.gif"/>
        	<file href="common/images/jquerybubblepopup-theme/grey/ie/top-left.gif"/>
        	<file href="common/images/jquerybubblepopup-theme/grey/ie/top-middle.gif"/>
        	<file href="common/images/jquerybubblepopup-theme/grey/ie/top-right.gif"/>
        	<file href="common/images/jquerybubblepopup-theme/grey/bottom-left.png"/>
        	<file href="common/images/jquerybubblepopup-theme/grey/bottom-middle.png"/>
        	<file href="common/images/jquerybubblepopup-theme/grey/bottom-right.png"/>
        	<file href="common/images/jquerybubblepopup-theme/grey/middle-left.png"/>
        	<file href="common/images/jquerybubblepopup-theme/grey/middle-right.png"/>
        	<file href="common/images/jquerybubblepopup-theme/grey/tail-bottom.png"/>
        	<file href="common/images/jquerybubblepopup-theme/grey/tail-left.png"/>
        	<file href="common/images/jquerybubblepopup-theme/grey/tail-right.png"/>
        	<file href="common/images/jquerybubblepopup-theme/grey/tail-top.png"/>
        	<file href="common/images/jquerybubblepopup-theme/grey/top-left.png"/>
        	<file href="common/images/jquerybubblepopup-theme/grey/top-middle.png"/>
        	<file href="common/images/jquerybubblepopup-theme/grey/top-right.png"/>
        	<file href="common/images/educator/classroom_next.png"/>
        	<file href="common/images/educator/classroom_next_dim.png"/>
        	<file href="common/images/educator/classroom_prev.png"/>
        	<file href="common/images/educator/classroom_prev_dim.png"/>
        	<file href="common/images/educator/edu_b-blank.png"/>
        	<file href="common/images/educator/edu_b-blank-key.png"/>
        	<file href="common/images/educator/edu_b-duedate.png"/>
        	<file href="common/images/educator/edu_b-duedate-key.png"/>
        	<file href="common/images/educator/edu_b-exam.png"/>
        	<file href="common/images/educator/edu_b-exam-key.png"/>
        	<file href="common/images/educator/edu_b-lab.png"/>
        	<file href="common/images/educator/edu_b-lab-key.png"/>
        	<file href="common/images/educator/edu_b-lab-team.png"/>
        	<file href="common/images/educator/edu_b-lab-duedate.png"/>
        	<file href="common/images/educator/edu_b-leclab.png"/>
        	<file href="common/images/educator/edu_b-leclab-key.png"/>
        	<file href="common/images/educator/edu_b-lecture.png"/>
        	<file href="common/images/educator/edu_b-lecture-duedate.png"/>
        	<file href="common/images/educator/edu_b-lecture-exam.png"/>
        	<file href="common/images/educator/edu_b-lecture-key.png"/>
        	<file href="common/images/educator/edu_b-lecture-lunch.png"/>
        	<file href="common/images/educator/edu_b-lecture-preslab.png"/>
        	<file href="common/images/educator/edu_b-lecture-quiz.png"/>
        	<file href="common/images/educator/edu_b-lecture-team.png"/>
        	<file href="common/images/educator/edu_b-lecrec-key.png"/>
        	<file href="common/images/educator/edu_b-leclab-duedate.png"/>
        	<file href="common/images/educator/edu_b-lecrec.png"/>
        	<file href="common/images/educator/edu_b-lecrec-duedate.png"/>
        	<file href="common/images/educator/edu_b-noclass-quiz.png"/>
        	<file href="common/images/educator/edu_b-lunch.png"/>
        	<file href="common/images/educator/edu_b-lunch-key.png"/>
        	<file href="common/images/educator/edu_b-noclass.png"/>
        	<file href="common/images/educator/edu_b-noclass-duedate.png"/>
        	<file href="common/images/educator/edu_b-noclass-exam.png"/>
        	<file href="common/images/educator/edu_b-noclass-key.png"/>
        	<file href="common/images/educator/edu_b-office.png"/>
        	<file href="common/images/educator/edu_b-office-key.png"/>
        	<file href="common/images/educator/edu_b-present.png"/>
        	<file href="common/images/educator/edu_b-present-duedate.png"/>
        	<file href="common/images/educator/edu_b-present-key.png"/>
        	<file href="common/images/educator/edu_b-preslab.png"/>
        	<file href="common/images/educator/edu_b-preslab-key.png"/>
        	<file href="common/images/educator/edu_b-quiz-key.png"/>
        	<file href="common/images/educator/edu_b-reclab-key.png"/>
        	<file href="common/images/educator/edu_b-reclab-concert.png"/>
        	<file href="common/images/educator/edu_b-reclab.png"/>
        	<file href="common/images/educator/edu_b-noclass-concert.png"/>
        	<file href="common/images/educator/edu_b-leclab-concert.png"/>
        	<file href="common/images/educator/edu_b-concert-key.png"/>
        	<file href="common/images/educator/edu_b-concert.png"/>
        	<file href="common/images/educator/edu_b-recitation.png"/>
        	<file href="common/images/educator/edu_b-recitation-duedate.png"/>
        	<file href="common/images/educator/edu_b-recitation-exam.png"/>
        	<file href="common/images/educator/edu_b-recitation-key.png"/>
        	<file href="common/images/educator/edu_b-team.png"/>
        	<file href="common/images/educator/edu_b-team-key.png"/>
        	<file href="common/images/educator/edu_b-team-preslab.png"/>
        	<file href="common/images/educator/edu_b-work.png"/>
        	<file href="common/images/educator/edu_b-work-key.png"/>
        	<file href="common/images/educator/icon-question-cih.png"/>
        	<file href="common/images/educator/icon-question-cihw.png"/>
        	<file href="common/images/educator/icon-question-cim.png"/>
        	<file href="common/images/educator/icon-question-collab.png"/>
        	<file href="common/images/educator/icon-question-coop.png"/>
        	<file href="common/images/educator/icon-question-fas.png"/>
        	<file href="common/images/educator/icon-question-gir.png"/>
        	<file href="common/images/educator/icon-question-hass.png"/>
        	<file href="common/images/educator/icon-question-hass-s.png"/>
        	<file href="common/images/educator/icon-question-iap.png"/>
        	<file href="common/images/educator/icon-question-lab.png"/>
        	<file href="common/images/educator/icon-question-urop.png"/>
        	<file href="common/images/educator/icon-question-active.png"/>
        	<file href="common/images/educator/icon-question-clickq.png"/>
        	<file href="common/images/educator/icon-question-conq.png"/>
        	<file href="common/images/educator/icon-question-flip.png"/>
        	<file href="common/images/educator/icon-question-form.png"/>
        	<file href="common/images/educator/icon-question-immed.png"/>
        	<file href="common/images/educator/icon-question-learn.png"/>
        	<file href="common/images/educator/icon-question-ped.png"/>
        	<file href="common/images/educator/icon-question-readq.png"/>
        	<file href="common/images/educator/icon-question-service.png"/>
        	<file href="common/images/educator/icon-question-sum.png"/>
        	<file href="common/images/educator/icon-question-unrestricted-elective-credits.png"/>
        	<file href="common/webfonts/TitilliumText22L002-webfont.woff"/>
        	<file href="common/webfonts/TitilliumText22L002-webfont.ttf"/>
        	<file href="common/webfonts/TitilliumText22L002-webfont.svg"/>
        	<file href="common/webfonts/TitilliumText22L002-webfont.eot"/>
        	<file href="common/webfonts/TitilliumText22L003-webfont.woff"/>
        	<file href="common/webfonts/TitilliumText22L003-webfont.ttf"/>
        	<file href="common/webfonts/TitilliumText22L003-webfont.eot"/>
        	<file href="common/webfonts/TitilliumText22L003-webfont.svg"/>
        	<file href="common/webfonts/TitilliumText22L005-webfont.woff"/>
        	<file href="common/webfonts/TitilliumText22L005-webfont.ttf"/>
        	<file href="common/webfonts/TitilliumText22L005-webfont.svg"/>
        	<file href="common/webfonts/TitilliumText22L005-webfont.eot"/>
        </resource>        
  </resources>
</manifest>
